{
  "train_loss": [
    8.202900165005735,
    7.125886964519122,
    6.865443101403309,
    6.691545108605546,
    6.558022627356457,
    6.461778362592061,
    6.3800518917061435,
    6.305410378857663,
    6.235867785431489,
    6.175335742576777,
    6.116653451445507,
    6.067915621556733,
    6.0270862425977025,
    5.984468223058689,
    5.944820339916743,
    5.908716709990251,
    5.871709781780577,
    5.839008336178741,
    5.809180252036156,
    5.778556078498126,
    5.748531238377443,
    5.7201868511779965,
    5.696309104997512,
    5.670512834487603,
    5.645265339410793,
    5.621423701793827,
    5.5966304756744565,
    5.574529215606333,
    5.552948839483205,
    5.531053961369029,
    5.51105959582747,
    5.4896185809408715,
    5.469049222288076,
    5.451572689396596,
    5.43135628783912
  ],
  "val_loss": [
    7.347608101077196,
    6.989443081181224,
    6.801028635443711,
    6.64530170254591,
    6.576693697673519,
    6.515301855599008,
    6.529391870266053,
    6.470834534342696,
    6.481808011124774,
    6.3946200231226475,
    6.400943802624214,
    6.376082106334407,
    6.388826219046988,
    6.36546034929229,
    6.405910305860566,
    6.390257963320104,
    6.306119907193068,
    6.302955755373326,
    6.306056511111375,
    6.373937199755413,
    6.33151530056465,
    6.292504706033847,
    6.280124327031578,
    6.27579998388523,
    6.308380848023949,
    6.309321287201672,
    6.30196873734637,
    6.263974817787728,
    6.278196044084503,
    6.27208834159665,
    6.260410366988763,
    6.249377273931736,
    6.286620174966207,
    6.255265468504371,
    6.2671392603618346
  ],
  "train_acc": [
    0.08520029715250245,
    0.12480726001967112,
    0.13307361905113366,
    0.13820960803787893,
    0.14458908076868154,
    0.1498036900179543,
    0.15456743612905918,
    0.15892203597599033,
    0.1633632785612171,
    0.16651450704293147,
    0.16996577611837324,
    0.17322771476568755,
    0.17531034947508942,
    0.17758552360292595,
    0.1806629453075737,
    0.1825819215113061,
    0.1847463854735427,
    0.18680174376533296,
    0.1887977357364392,
    0.19110339527219458,
    0.19227146774403167,
    0.19433324401643645,
    0.1956328850908706,
    0.19678330811601782,
    0.19871993376644007,
    0.20015916591923935,
    0.20202038029744132,
    0.2033809921877131,
    0.2047656715052892,
    0.20567702475254673,
    0.207201295148488,
    0.20811585738605276,
    0.20974441996697948,
    0.2108354766714427,
    0.21197627272566824
  ],
  "val_acc": [
    0.11046447787416273,
    0.12696277588668056,
    0.1356923245854837,
    0.1410728011419787,
    0.14296694850115296,
    0.14464148457230702,
    0.13725705501262764,
    0.1442022619962666,
    0.13679038102558472,
    0.14799055671461514,
    0.14562973536839793,
    0.14648072910947624,
    0.1462336664104535,
    0.14919841879872625,
    0.14593170088942573,
    0.1460140551224333,
    0.15424947842319095,
    0.15529263204128693,
    0.155924014494345,
    0.14821016800263534,
    0.15586911167233997,
    0.1604260458987592,
    0.1605358515427693,
    0.1638849236850774,
    0.15905347534863293,
    0.15910837817063797,
    0.1642966948501153,
    0.16723399582738552,
    0.16877127484352697,
    0.17113209618974415,
    0.16912814318655978,
    0.1715164159437795,
    0.17017129680465576,
    0.17179093005380477,
    0.17393214011200175
  ],
  "lr": [
    0.0001689842124652478,
    0.0003379684249304956,
    0.000487805110198799,
    0.0004224516175280275,
    0.00037785221359896444,
    0.00034493030131902184,
    0.000319343405981753,
    0.00029871840347729396,
    0.00028163441168535167,
    0.00026718186252217555,
    0.0002547479104398534,
    0.0002439025550993995,
    0.00023433399513846228,
    0.00022580988789690627,
    0.0002181530772352581,
    0.00021122580876401374,
    0.00020491913420954004,
    0.000199145602318196,
    0.0001938340957199966,
    0.00018892610679948222,
    0.00018437300140749705,
    0.00018013397496512363,
    0.00017617450299264019,
    0.00017246515065951092,
    0.000168980647011211,
    0.00016569915702494212,
    0.00016260170339959967,
    0.0001596717029908765,
    0.00015689459196061925,
    0.00015425752024976364,
    0.00015174910071564192,
    0.00014935920173864698,
    0.00014707877466794405,
    0.00014489970939444202,
    0.00014281471278830256
  ],
  "epoch": [
    1,
    2,
    3,
    4,
    5,
    6,
    7,
    8,
    9,
    10,
    11,
    12,
    13,
    14,
    15,
    16,
    17,
    18,
    19,
    20,
    21,
    22,
    23,
    24,
    25,
    26,
    27,
    28,
    29,
    30,
    31,
    32,
    33,
    34,
    35
  ]
}